Algo,Count,Time
GPU NULL Stream,64,0.02175
GPU Stream,64,0.362311
GPU NULL Stream,1024,0.024813
GPU Stream,1024,0.370452
GPU NULL Stream,2048,0.032797
GPU Stream,2048,0.385628
GPU NULL Stream,16384,0.141546
GPU Stream,16384,0.520283
GPU NULL Stream,262144,1.16946
GPU Stream,262144,0.743462
GPU NULL Stream,1048576,4.32647
GPU Stream,1048576,1.98377
